{"id": "en32fo"}
{"id": "j1doae"}
{"id": "f8ffd9"}
{"id": "k88qhb"}
{"id": "dwwzub"}
{"id": "jxl1s5"}
{"id": "7tl5gb"}
{"id": "fstycb"}
{"id": "c1bifb"}
{"id": "k7ouj8"}
{"id": "bpaotv"}
{"id": "gmg3un"}
{"id": "gg6yur"}
{"id": "7a0kgc"}
{"id": "js11nj"}
{"id": "8h73k1"}
{"id": "7cer11"}
{"id": "erwpoc"}
{"id": "erpg4h"}
{"id": "fn25h8"}
{"id": "acbli0"}
{"id": "aie76v"}
{"id": "frkm4u"}
{"id": "ikzgq6"}
{"id": "9gzrl4"}
{"id": "d7c9pm"}
{"id": "fplwo0"}
{"id": "iajh4f"}
{"id": "juyl00"}
{"id": "9pknm2"}
{"id": "e3ws9f"}
{"id": "i8376y"}
{"id": "bpnt8o"}
{"id": "k81pme"}
{"id": "ai5okf"}
{"id": "g2qjlo"}
{"id": "8k8am7"}
{"id": "fl3mdy"}
{"id": "eqqfh3"}
{"id": "h91lsn"}
{"id": "g4jovg"}
{"id": "akvoej"}
{"id": "jt4jkn"}
{"id": "gwosqo"}
{"id": "9yz69s"}
{"id": "g8x4c0"}
{"id": "fwtuyt"}
{"id": "7oyj9m"}
{"id": "f92xyz"}
{"id": "hetzdx"}
{"id": "eb8xrj"}
{"id": "kav4v4"}
{"id": "aoibtc"}
{"id": "g3sfk8"}
{"id": "80788g"}
{"id": "d60skm"}
{"id": "ah78pv"}
{"id": "jfpk8t"}
{"id": "gnvuzs"}
{"id": "834lqj"}
{"id": "8sxibs"}
{"id": "b7928x"}
{"id": "9fsddw"}
{"id": "7hs9ko"}
{"id": "850vv7"}
{"id": "bjd4sg"}
{"id": "eqqkz0"}
{"id": "fwkpcg"}
{"id": "frft6f"}
{"id": "ft9nd0"}
{"id": "k6khr6"}
{"id": "d74hvt"}
{"id": "fnuc0v"}
{"id": "fznrgq"}
{"id": "blkkr9"}
{"id": "fgbiwt"}
{"id": "al8ofd"}
{"id": "5qmadx"}
{"id": "j2xepr"}
{"id": "av74pd"}
{"id": "flhbr8"}
{"id": "dtopto"}
{"id": "jwsv6o"}
{"id": "f7cice"}
{"id": "d2tjly"}
{"id": "khzw2z"}
{"id": "fl0r5s"}
{"id": "hlcyvz"}
{"id": "ap29tu"}
{"id": "at9zau"}
{"id": "doup53"}
{"id": "8ysevk"}
{"id": "ambccg"}
{"id": "eq3dl5"}
{"id": "f0lizh"}
{"id": "ay3f4w"}
{"id": "dskvvk"}
{"id": "g0p3k0"}
{"id": "c3z9ej"}
{"id": "dy91h4"}
{"id": "eic5hn"}
{"id": "elp0yu"}
{"id": "jrb2jq"}
{"id": "f3p193"}
{"id": "i3vsof"}
{"id": "f8nmut"}
{"id": "fnzaqe"}
{"id": "e86pzj"}
{"id": "k8nfju"}
{"id": "kddo8l"}
{"id": "fm9dnw"}
{"id": "cjtt8g"}
{"id": "bcdk70"}
{"id": "fgz63e"}
{"id": "g6o42f"}
{"id": "fv5kpc"}
{"id": "ddyk4z"}
{"id": "cl9kj7"}
{"id": "a88mk3"}
{"id": "fp993m"}
{"id": "fziwlz"}
{"id": "gmqk34"}
{"id": "78jyxu"}
{"id": "ccpy0p"}
{"id": "aa60nl"}
{"id": "bmvjbt"}
{"id": "f12oxa"}
{"id": "gf432v"}
{"id": "cg0spw"}
{"id": "85wzpq"}
{"id": "9ef9dr"}
{"id": "boalbi"}
{"id": "9f15q3"}
{"id": "jzy8zd"}
{"id": "cdo7jm"}
{"id": "f13b1s"}
{"id": "c2bzuf"}
{"id": "fdcer6"}
{"id": "ghcp0i"}
{"id": "ixxyrc"}
{"id": "fyd9nb"}
{"id": "a29yzx"}
{"id": "b9kzg3"}
{"id": "gdmdgz"}
{"id": "84h8us"}
{"id": "jc6fmg"}
{"id": "iigcmu"}
{"id": "jxtebc"}
{"id": "g413ll"}
{"id": "9b5ebc"}
{"id": "9k3fg3"}
{"id": "fslsq2"}
{"id": "9edo34"}
{"id": "f7uiqf"}
{"id": "d8c8h9"}
{"id": "f3gm41"}
{"id": "i1gm2q"}
{"id": "d6zek9"}
{"id": "eaw7fs"}
{"id": "6u8hdt"}
{"id": "icdovr"}
{"id": "ddabsj"}
{"id": "a0n3ez"}
{"id": "9b5yeo"}
{"id": "jqmwre"}
{"id": "b70jde"}
{"id": "jwbbw8"}
{"id": "bbqbzp"}
{"id": "cop4mu"}
{"id": "bpfhvr"}
{"id": "943pdv"}
{"id": "cc58ep"}
{"id": "drwrng"}
{"id": "9q4k3o"}
{"id": "bg2bx2"}
{"id": "k85anc"}
{"id": "c83xl9"}
{"id": "hdb7h7"}
{"id": "84jxwf"}
{"id": "7tmtz4"}
{"id": "ff3f7e"}
{"id": "awbzot"}
{"id": "f4rxrc"}
{"id": "d1jbl1"}
{"id": "ccr59c"}
{"id": "ffyiad"}
{"id": "gw95i2"}
{"id": "jthmts"}
{"id": "6jxvd9"}
{"id": "b98fzr"}
{"id": "f0gd82"}
{"id": "efrfrm"}
{"id": "iwlsi5"}
{"id": "eaecwp"}
{"id": "i4u1rp"}
{"id": "8fmw9m"}
{"id": "ic5psg"}
{"id": "affpjv"}
{"id": "dwpmdt"}
{"id": "jm3y1f"}
{"id": "idje74"}
{"id": "alzq2u"}
{"id": "f8isrh"}
{"id": "dr7aqh"}
{"id": "giissm"}
{"id": "80xsnx"}
{"id": "g4n6s2"}
{"id": "c4bjmb"}
{"id": "i7ewe9"}
{"id": "cqdshv"}
{"id": "9v5b71"}
{"id": "b2ihbz"}
{"id": "k34vdx"}
{"id": "6dscqh"}
{"id": "9rm9zx"}
{"id": "deakif"}
{"id": "k8vaz4"}
{"id": "dinmqc"}
{"id": "f6mnxn"}
{"id": "b7sy9v"}
{"id": "fprrii"}
{"id": "7kl67p"}
{"id": "ivgguq"}
{"id": "f0y8ev"}
{"id": "922poo"}
{"id": "dku3v8"}
{"id": "9u1n4s"}
{"id": "j73whi"}
{"id": "flrnyc"}
{"id": "ctbnn6"}
{"id": "d1qxf4"}
{"id": "dupem8"}
{"id": "bm939j"}
{"id": "emgkyy"}
{"id": "j70s6v"}
{"id": "hnr912"}
{"id": "hjx6j0"}
{"id": "cu9j19"}
{"id": "a9kxqo"}
{"id": "fnm3ct"}
{"id": "dqsdji"}
{"id": "8tjkya"}
{"id": "7btlil"}
{"id": "dxf4xy"}
{"id": "g846fo"}
{"id": "9m33o9"}
{"id": "k3g2yh"}
{"id": "ausdpu"}
{"id": "887pa1"}
{"id": "c5v71v"}
{"id": "beey46"}
{"id": "f2ve2m"}
{"id": "g6p9qu"}
{"id": "e7o9op"}
{"id": "db7vz9"}
{"id": "bcy0qs"}
{"id": "clshv2"}
{"id": "dg0mcv"}
{"id": "f4v3wj"}
{"id": "fkykwo"}
{"id": "ddpbnh"}
{"id": "b14wwu"}
{"id": "g8rbu5"}
{"id": "6s1da1"}
{"id": "dsyxqh"}
{"id": "ias3vi"}
{"id": "ckn9td"}
{"id": "g59234"}
{"id": "b0c19u"}
{"id": "9nqx2p"}
{"id": "c3znkg"}
{"id": "dymkwr"}
{"id": "cu99xn"}
{"id": "fcf77c"}
{"id": "bwwj0h"}
{"id": "cr9c7p"}
{"id": "ds6nvq"}
{"id": "kklokl"}
{"id": "dgpfqi"}
{"id": "g9tpi0"}
{"id": "fxmcl8"}
{"id": "bbryrh"}
{"id": "c6tv9j"}
{"id": "ifshw7"}
{"id": "afb3kd"}
{"id": "a6zaml"}
{"id": "er9s5q"}
{"id": "iswsv8"}
{"id": "a3wg6g"}
{"id": "bs9ne3"}
{"id": "j0cd4z"}
{"id": "hxduqa"}
{"id": "boe1mv"}
{"id": "dt347c"}
{"id": "chj3wj"}
{"id": "b4099b"}
{"id": "9n599e"}
{"id": "beeqxl"}
{"id": "g37a4f"}
{"id": "bkrn71"}
{"id": "9vj126"}
{"id": "cqg9hw"}
{"id": "dpw781"}
{"id": "7exwo8"}
{"id": "grty9l"}
{"id": "fb1ba5"}
{"id": "i0e767"}
{"id": "7miaqj"}
{"id": "ji2iy8"}
{"id": "fm5o9t"}
{"id": "ik3ecg"}
{"id": "6mc05g"}
{"id": "jw5hf0"}
{"id": "fzg4ew"}
{"id": "fve3ru"}
{"id": "ehcljo"}
{"id": "7wjdtt"}
{"id": "kdfdyk"}
{"id": "knwuwf"}
{"id": "9j8wci"}
{"id": "gancrh"}
{"id": "bvpmya"}
{"id": "iwnr30"}
{"id": "99ju4n"}
{"id": "dl2ukh"}
{"id": "k748w8"}
{"id": "8jmqmi"}
{"id": "eok68l"}
{"id": "fk3hrz"}
{"id": "ea9fyd"}
{"id": "dy54kr"}
{"id": "fk5o13"}
{"id": "ct0vci"}
{"id": "f6c5ju"}
{"id": "glw7y0"}
{"id": "fmjy27"}
{"id": "c2ia4v"}
{"id": "ee7cbd"}
{"id": "7yt8b9"}
{"id": "hwq80l"}
{"id": "a3gbsb"}
{"id": "ijxst2"}
{"id": "bglsjv"}
{"id": "92t3ce"}
{"id": "kjycoq"}
{"id": "aw35ee"}
{"id": "80pejz"}
{"id": "afdhqo"}
{"id": "j2qp09"}
{"id": "95dqff"}
{"id": "iiw66s"}
{"id": "8he2n6"}
{"id": "96vtby"}
{"id": "k2v8ia"}
{"id": "k89i47"}
{"id": "8ao6wp"}
{"id": "ctzifs"}
{"id": "9gfz9x"}
{"id": "d5oy5n"}
{"id": "am5z7d"}
{"id": "czppvz"}
{"id": "icibyk"}
{"id": "bdkzvc"}
{"id": "ah1oz0"}
{"id": "g2bjck"}
{"id": "gl63nv"}
{"id": "i3v755"}
{"id": "dhtpmh"}
{"id": "9u00dw"}
{"id": "auu14t"}
{"id": "9uw32n"}
{"id": "9t0mg2"}
{"id": "jvmbuz"}
{"id": "90o9jc"}
{"id": "fgvf7c"}
{"id": "87pz64"}
{"id": "aljg7k"}
{"id": "fzzj32"}
{"id": "azqrh1"}
{"id": "emqvmi"}
{"id": "6hnphv"}
{"id": "jtgzs1"}
{"id": "9lrei6"}
{"id": "gmgv3r"}
{"id": "8h3nun"}
{"id": "dgdvdo"}
{"id": "9i4uw1"}
{"id": "i59krx"}
{"id": "ebxrco"}
{"id": "fxl8qy"}
{"id": "a74g0m"}
{"id": "dj4qme"}
{"id": "ge62v8"}
{"id": "c4yhwa"}
{"id": "g7nxo9"}
{"id": "dg95rl"}
{"id": "jwt5dg"}
{"id": "b757pt"}
{"id": "c9eljt"}
{"id": "9nhu4t"}
{"id": "9kxgfb"}
{"id": "8cxg13"}
{"id": "ec08qj"}
{"id": "82mfdv"}
{"id": "6wg177"}
{"id": "jk4i3r"}
{"id": "e5a1hm"}
{"id": "j1g6p3"}
{"id": "a8hoeq"}
{"id": "jlw8do"}
{"id": "f32voy"}
{"id": "78tbnp"}
{"id": "9wruot"}
{"id": "eu9r8x"}
{"id": "9m9m1g"}
{"id": "e7o954"}
{"id": "fw3ync"}
{"id": "i8kipj"}
{"id": "hrui41"}
{"id": "dk6kr1"}
{"id": "aheybw"}
{"id": "c4ahu8"}
{"id": "gs0mm5"}
{"id": "fj5rgl"}
{"id": "itz1j5"}
{"id": "fovw5a"}
{"id": "ezzoyu"}
{"id": "cgmvi4"}
{"id": "euzlo3"}
{"id": "8enjmm"}
{"id": "j4b0kp"}
{"id": "abfamo"}
{"id": "9mgfsc"}
{"id": "9txy4y"}
{"id": "a9lknh"}
{"id": "fjegvv"}
{"id": "9izlfk"}
{"id": "8pece1"}
{"id": "h774o4"}
{"id": "eirgn0"}
{"id": "fc4g7a"}
{"id": "ai1cc1"}
{"id": "bqmw26"}
{"id": "hg1u1i"}
{"id": "a12q51"}
{"id": "9hbiyw"}
{"id": "8ghv4m"}
{"id": "973zum"}
{"id": "7pe98v"}
{"id": "86cg1v"}
{"id": "gozjye"}
{"id": "jtqawe"}
{"id": "bjb7ru"}
{"id": "bgxrjw"}
{"id": "ahslk5"}
{"id": "ax0eex"}
{"id": "e9knmc"}
{"id": "ca4438"}
{"id": "fqrva0"}
{"id": "ftyrkq"}
{"id": "ag607x"}
{"id": "8ever9"}
{"id": "blx435"}
{"id": "dmcv9e"}
{"id": "brbs6r"}
{"id": "f4tosw"}
{"id": "fww8xu"}
{"id": "g1vuih"}
{"id": "g6opng"}
{"id": "akekpg"}
{"id": "co5sa2"}
{"id": "6pirkj"}
{"id": "6vwfca"}
{"id": "fext9d"}
{"id": "g1tcxk"}
{"id": "eqpblo"}
{"id": "6oecx5"}
{"id": "kewknv"}
{"id": "aisjg3"}
{"id": "dd17xl"}
{"id": "7irl0c"}
{"id": "fpp751"}
{"id": "9y3qik"}
{"id": "dd2x61"}
{"id": "fmb6hi"}
{"id": "98i64q"}
{"id": "j4usac"}
{"id": "9wtwsf"}
{"id": "9hm1zf"}
{"id": "bm8id3"}
{"id": "eq8wfc"}
{"id": "cfs75u"}
{"id": "a71rgn"}
{"id": "fzcvo3"}
{"id": "igzptt"}
{"id": "8fiql5"}
{"id": "6wtcp0"}
{"id": "ek7m9m"}
{"id": "hnwkpm"}
{"id": "6yoq4g"}
{"id": "fes05j"}
{"id": "jamdfu"}
{"id": "k0tad7"}
{"id": "drv3xn"}
{"id": "96kdom"}
{"id": "bmdm9r"}
{"id": "jdpbgz"}
{"id": "7rceo4"}
{"id": "dc4kdy"}
{"id": "ga3or7"}
{"id": "ig2wn7"}
{"id": "9pg75s"}
{"id": "da8wxw"}
{"id": "kaf6sp"}
{"id": "amxy23"}
{"id": "6q28oo"}
{"id": "9ddow9"}
{"id": "ceyp5s"}
{"id": "bycnvt"}
{"id": "jzcc6c"}
{"id": "e1o2gd"}
{"id": "do1k2n"}
{"id": "fwv7qw"}
{"id": "8sr4qj"}
{"id": "fa5k28"}
{"id": "jph78k"}
{"id": "g14o6s"}
{"id": "b0fdcq"}
{"id": "a62x9p"}
{"id": "geqctl"}
{"id": "gg85h0"}
{"id": "fb9pyy"}
{"id": "8v5iiz"}
{"id": "gvipmp"}
{"id": "dojvjr"}
{"id": "i6cty4"}
{"id": "b73kyk"}
{"id": "alfa11"}
{"id": "jf6i1s"}
{"id": "8awnxg"}
{"id": "a77z42"}
{"id": "ik6waa"}
{"id": "fiqpmv"}
{"id": "74qnop"}
{"id": "bk8zzp"}
{"id": "gpxhfu"}
{"id": "7etps8"}
{"id": "fv1z0o"}
{"id": "bje8fq"}
{"id": "8slz92"}
{"id": "g0dztt"}
{"id": "jd9z8c"}
{"id": "bxitm4"}
{"id": "amw1xs"}
{"id": "a756sf"}
{"id": "amnosq"}
{"id": "g5ve2k"}
{"id": "k3jbfl"}
{"id": "gj7s7n"}
{"id": "898m5i"}
{"id": "gqy5vh"}
{"id": "dwtc4u"}
{"id": "fmffsl"}
{"id": "km8jri"}
{"id": "cdits0"}
{"id": "gemveq"}
{"id": "ckrbvl"}
{"id": "6bjbzd"}
{"id": "djogcb"}
{"id": "ikfab0"}
{"id": "aht39u"}
{"id": "fwdgps"}
{"id": "eoh45i"}
{"id": "6zq7zn"}
{"id": "bsity0"}
{"id": "ahff1e"}
{"id": "j77no7"}
{"id": "d1hsho"}
{"id": "bjpv43"}
{"id": "7vosqp"}
{"id": "d20ehy"}
{"id": "fodj41"}
{"id": "di9vv1"}
{"id": "d29h3o"}
{"id": "8awkui"}
{"id": "af0yc9"}
{"id": "fu3w7i"}
{"id": "cklv1y"}
{"id": "8w543p"}
{"id": "fbhd7x"}
{"id": "btu2js"}
{"id": "exivj4"}
{"id": "f7g81d"}
{"id": "9mlhnr"}
{"id": "ca2zrc"}
{"id": "dqwd48"}
{"id": "gni0xi"}
{"id": "bs7u6n"}
{"id": "gcvllm"}
{"id": "99khnp"}
{"id": "8czpub"}
{"id": "9ynzls"}
{"id": "7mjy43"}
{"id": "6fg048"}
{"id": "ak266w"}
{"id": "dft0x8"}
{"id": "bnsk06"}
{"id": "ebzev1"}
{"id": "bztang"}
{"id": "81vqpv"}
{"id": "8sb40j"}
{"id": "hbtejb"}
{"id": "ft144i"}
{"id": "g2r2p2"}
{"id": "ftbl4d"}
{"id": "cv107i"}
{"id": "ati6ur"}
{"id": "hjiirc"}
{"id": "7jyiv7"}
{"id": "hr9nhh"}
{"id": "gvv5kl"}
{"id": "fr4h27"}
{"id": "jg7vc5"}
{"id": "8dochw"}
{"id": "hu027l"}
{"id": "8wwfo7"}
{"id": "fp0h33"}
{"id": "e793vn"}
{"id": "9bqynp"}
{"id": "d2jrfi"}
{"id": "ev2xr6"}
{"id": "jiyy4z"}
{"id": "9yokb9"}
{"id": "7xnpap"}
{"id": "fc3930"}
{"id": "j3i2be"}
{"id": "befc9f"}
{"id": "7zl3k0"}
{"id": "b7itgq"}
{"id": "jam3su"}
{"id": "ew8xja"}
{"id": "8uwgvn"}
{"id": "9nz5xf"}
{"id": "gye3q4"}
{"id": "g7ybe1"}
{"id": "in5j69"}
{"id": "km1gvt"}
{"id": "aa6z5c"}
{"id": "jn02f0"}
{"id": "7xp2te"}
{"id": "d8flia"}
{"id": "9195p3"}
{"id": "ds4izn"}
{"id": "bx580a"}
{"id": "g2nled"}
{"id": "eawp8t"}
{"id": "7g6x53"}
{"id": "dywkxr"}
{"id": "dn6nkq"}
{"id": "8pyqmm"}
{"id": "jmqv61"}
{"id": "jtgeno"}
{"id": "a36dml"}
{"id": "flzkz8"}
{"id": "aj6h7b"}
{"id": "biwh4a"}
{"id": "eo9m6j"}
{"id": "fgdncf"}
{"id": "c01ddm"}
{"id": "b03y00"}
{"id": "fx8qby"}
{"id": "990e0r"}
{"id": "fall3l"}
{"id": "im0xgc"}
{"id": "6m7xwi"}
{"id": "cxne75"}
{"id": "jhfhc2"}
{"id": "fsr7bj"}
{"id": "859l7v"}
{"id": "7wytnw"}
{"id": "9kufh6"}
{"id": "jxkhba"}
{"id": "7gvepd"}
{"id": "8q2ank"}
{"id": "cdfwqu"}
{"id": "aj1jc4"}
{"id": "d89j50"}
{"id": "efo71r"}
{"id": "jhb03i"}
{"id": "gmdypi"}
{"id": "ac0x4n"}
{"id": "8oux2c"}
{"id": "fin5oq"}
{"id": "apo9fl"}
{"id": "9865px"}
{"id": "ep9fce"}
{"id": "ai2e5i"}
{"id": "e0ldwr"}
{"id": "ip93ng"}
{"id": "9r3agz"}
{"id": "fx8ebe"}
{"id": "bq2v9d"}
{"id": "jy0uky"}
{"id": "bijp6w"}
{"id": "edlb39"}
{"id": "cx87s1"}
{"id": "8qtm73"}
{"id": "dt5blr"}
{"id": "9hb233"}
{"id": "dgaelw"}
{"id": "7vaeav"}
{"id": "ars7nf"}
{"id": "fzv0k4"}
{"id": "9lawll"}
{"id": "fjvi8q"}
{"id": "bh2tua"}
{"id": "eocid2"}
{"id": "bsnp7m"}
{"id": "6ug3ol"}
{"id": "exga9z"}
{"id": "k069hs"}
{"id": "k198uz"}
{"id": "fah7ze"}
{"id": "fzxahx"}
{"id": "b5ta70"}
{"id": "jq25rc"}
{"id": "e6mshw"}
{"id": "9v4z1v"}
{"id": "8cyfhb"}
{"id": "i40fbm"}
{"id": "aa93nu"}
{"id": "hcfdhm"}
{"id": "fk58nl"}
{"id": "behag4"}
{"id": "dco1h3"}
{"id": "bjk6yf"}
{"id": "g2wzhz"}
{"id": "9a430l"}
{"id": "fl26wn"}
{"id": "g3dctz"}
{"id": "8uafxk"}
{"id": "e11q76"}
{"id": "7a9lym"}
{"id": "eessdn"}
{"id": "cznnzt"}
{"id": "cug0j5"}
{"id": "ccgvbo"}
{"id": "ijggy8"}
{"id": "7zq9jo"}
{"id": "dl0ei4"}
{"id": "djr22q"}
{"id": "ge34jb"}
{"id": "a4dqwx"}
{"id": "c9g7sv"}
{"id": "dn0myr"}
{"id": "c4gyvd"}
{"id": "eh30dr"}
{"id": "arywlp"}
{"id": "dhjx88"}
{"id": "gpjsbm"}
{"id": "j60ag6"}
{"id": "6eshhv"}
{"id": "ggvfxx"}
{"id": "dqmf3f"}
{"id": "basqpy"}
{"id": "jxeqdj"}
{"id": "jhizkb"}
{"id": "hbj0n9"}
{"id": "gn6s4c"}
{"id": "d6xacw"}
{"id": "8xwp2j"}
{"id": "96v9yq"}
{"id": "a96gjx"}
{"id": "8wqcra"}
{"id": "cbdc2n"}
{"id": "ccg994"}
{"id": "b41s85"}
{"id": "jsenbq"}
{"id": "ge3qop"}
{"id": "bohvyv"}
{"id": "inwonw"}
{"id": "fxr5ct"}
{"id": "cl1pll"}
{"id": "d9cjwl"}
{"id": "cdou9n"}
{"id": "6a1b60"}
{"id": "fvllvj"}
{"id": "a58d6z"}
{"id": "9hruur"}
{"id": "f86o55"}
{"id": "8yetq3"}
{"id": "g4qt1o"}
{"id": "f0as9q"}
{"id": "hu1aw4"}
{"id": "fu0jlu"}
{"id": "k94s8s"}
{"id": "9bomiy"}
{"id": "iq1iha"}
{"id": "esofzr"}
{"id": "abumu9"}
{"id": "firshj"}
{"id": "bdua30"}
{"id": "8kg19s"}
{"id": "iagbdv"}
{"id": "ahhh8f"}
{"id": "cyqdcz"}
{"id": "b18vj7"}
{"id": "fnxgpj"}
{"id": "ci65df"}
{"id": "685vbl"}
{"id": "8yroyf"}
{"id": "8wndiw"}
{"id": "9lrlvj"}
{"id": "7daseq"}
{"id": "e53qgc"}
{"id": "7hf2bb"}
{"id": "g3jvl6"}
{"id": "cl5ii7"}
{"id": "dcp8qj"}
{"id": "gaqefg"}
{"id": "7fqxjf"}
{"id": "g0zhul"}
{"id": "eh3cjm"}
{"id": "jnegs9"}
{"id": "dfd3cg"}
{"id": "bb285v"}
{"id": "g7sbps"}
{"id": "dj8sjl"}
{"id": "adfbl9"}
{"id": "fqycp0"}
{"id": "fn608k"}
{"id": "cqw6j3"}
{"id": "dtppcq"}
{"id": "a9go3g"}
{"id": "75mvli"}
{"id": "f654wc"}
{"id": "k2nn1c"}
{"id": "ergqqf"}
{"id": "ecnwo5"}
{"id": "edvycn"}
{"id": "a8g7ni"}
{"id": "feap8z"}
{"id": "imq1q8"}
{"id": "a0r032"}
{"id": "e9omsz"}
{"id": "j0banl"}
{"id": "eeaqs7"}
{"id": "by1lrp"}
{"id": "6x4m51"}
{"id": "6u56iz"}
{"id": "g8mni1"}
{"id": "aqfuj9"}
{"id": "br0dw6"}
{"id": "djwhsn"}
{"id": "dkef3v"}
{"id": "a1klum"}
{"id": "glemof"}
{"id": "easl0l"}
{"id": "c526c8"}
{"id": "dxcypt"}
{"id": "85n1r2"}
{"id": "ga0n57"}
{"id": "bwdp03"}
{"id": "a9rzw0"}
{"id": "9b4dk6"}
{"id": "a7tu44"}
{"id": "h9q97m"}
{"id": "apyw7k"}
{"id": "844rpu"}
{"id": "aa0h2t"}
{"id": "cqsphp"}
{"id": "adcypc"}
{"id": "a5tzem"}
{"id": "8wx09y"}
{"id": "iwqf8c"}
{"id": "auliyk"}
{"id": "6tdptp"}
{"id": "bpglf4"}
{"id": "ass94n"}
{"id": "864zo1"}
{"id": "g683ox"}
{"id": "d04f5s"}
{"id": "7ueoex"}
{"id": "jugp4i"}
{"id": "c2rxfu"}
{"id": "kkqvme"}
{"id": "8ikab7"}
{"id": "a35imz"}
{"id": "j5m9m8"}
{"id": "hh90d2"}
{"id": "ipidwe"}
{"id": "fne227"}
{"id": "f35xhu"}
{"id": "6dhx6r"}
{"id": "g5ricb"}
{"id": "brg5w3"}
{"id": "9blrv6"}
{"id": "a7v9mc"}
{"id": "fkw60l"}
{"id": "ayxvcm"}
{"id": "74liin"}
{"id": "fv2ujd"}
{"id": "f6m088"}
{"id": "dzo6gs"}
{"id": "8lmw2l"}
{"id": "isnjd0"}
{"id": "cbxrk5"}
{"id": "fqi3ow"}
{"id": "blmdsn"}
{"id": "c2c8n8"}
{"id": "axrul2"}
{"id": "9m28hr"}
{"id": "cjs8sp"}
{"id": "i2i3dg"}
{"id": "ikp8v6"}
{"id": "9rkyu4"}
{"id": "71ab44"}
{"id": "cqq6cx"}
{"id": "6jala1"}
{"id": "crehxm"}
{"id": "bq09wr"}
{"id": "ivtx6y"}
{"id": "9b6i2d"}
{"id": "8bzzxt"}
{"id": "cm6tfz"}
{"id": "g71ygl"}
{"id": "atikw4"}
{"id": "hvrcgh"}
{"id": "e90xfg"}
{"id": "8wpsx5"}
{"id": "86ld31"}
{"id": "bjzso1"}
{"id": "ixabcq"}
{"id": "ki8ggj"}
{"id": "f4rbxv"}
{"id": "b20vmh"}
{"id": "ghab6k"}
{"id": "i6bncz"}
{"id": "kdo3mb"}
{"id": "9yfvtm"}
{"id": "jlbw83"}
{"id": "8p0g8b"}
{"id": "gr1mld"}
{"id": "8b0h9u"}
{"id": "c8hnfc"}
{"id": "ab0atc"}
{"id": "9i68yf"}
{"id": "ckbqj1"}
{"id": "k3qtln"}
{"id": "acarn9"}
{"id": "cp7hbe"}
{"id": "kmapri"}
{"id": "ehpzd0"}
{"id": "aqqkg9"}
{"id": "ju78xs"}
{"id": "9o88on"}
{"id": "bma5y5"}
{"id": "c633zs"}
{"id": "g4e629"}
{"id": "ip5eb7"}
{"id": "eul2qo"}
{"id": "fg5thn"}
{"id": "g8fa9f"}
{"id": "6n33tl"}
{"id": "it2jwv"}
{"id": "ij4hd8"}
{"id": "8tbd5w"}
{"id": "cezy4z"}
{"id": "acqwez"}
{"id": "gbzstk"}
{"id": "gwko3d"}
{"id": "ebadjy"}
{"id": "knk6qx"}
{"id": "he7p8j"}
{"id": "hftuan"}
{"id": "9mln1p"}
{"id": "c8wlpn"}
{"id": "f91iy2"}
{"id": "9eplkb"}
{"id": "g6hc7z"}
{"id": "a7reh1"}
{"id": "6i8swv"}
{"id": "dp0tyh"}
{"id": "bah0m4"}
{"id": "b2cvnb"}
{"id": "fc9wsg"}
{"id": "d2zthw"}
{"id": "d1sx5z"}
{"id": "e5lon4"}
{"id": "f93wop"}
{"id": "ilzkvf"}
{"id": "hyckft"}
{"id": "c6arbs"}
{"id": "f6vgyq"}
{"id": "95pw0x"}
{"id": "a9r3mn"}
{"id": "drslh5"}
{"id": "f7vxpk"}
{"id": "at1ktk"}
{"id": "baovjp"}
{"id": "jrz49f"}
{"id": "96vfnq"}
{"id": "779ctp"}
{"id": "kheeuc"}
{"id": "jdr2wp"}
{"id": "d25pt0"}
{"id": "ekklin"}
{"id": "8jysfl"}
{"id": "dyh7hq"}
{"id": "b2p4mq"}
{"id": "fc87gk"}
{"id": "giospk"}
{"id": "aaiov5"}
{"id": "if1pic"}
{"id": "fs83ud"}
{"id": "jy15v7"}
{"id": "bxf6q1"}
{"id": "fnknyg"}
{"id": "8veric"}
{"id": "fori9k"}
{"id": "dbpi6m"}
{"id": "cxpqiq"}
{"id": "ju9en7"}
{"id": "c6ejsk"}
{"id": "8yk3ed"}
{"id": "gf57x8"}
{"id": "9pxnqs"}
{"id": "afq2qo"}
{"id": "7xe1xq"}
{"id": "bz6nrh"}
{"id": "iwlwu8"}
{"id": "6k68gv"}
{"id": "7i4fk5"}
{"id": "9eqnry"}
{"id": "cz87c8"}
{"id": "glv9no"}
{"id": "6kwomu"}
{"id": "9tju9a"}
{"id": "bltyxd"}
{"id": "hwysb7"}
{"id": "927jzl"}
{"id": "ffuf8x"}
{"id": "821sof"}
{"id": "jqnlkj"}
{"id": "jvn9lt"}
{"id": "ajkaru"}
{"id": "90w2lc"}
{"id": "glm7d8"}
{"id": "8kwbtk"}
{"id": "g0eeyg"}
{"id": "hcwc09"}
{"id": "abqqnp"}
{"id": "ebiaf3"}
{"id": "cnlj9i"}
{"id": "j8ejzv"}
{"id": "bydeyn"}
{"id": "bxr6ys"}
{"id": "gw53wy"}
{"id": "btypy3"}
{"id": "kf4oxd"}
{"id": "feqt4e"}
{"id": "c2j1qi"}
{"id": "edsehh"}
{"id": "k1jyhj"}
{"id": "c5flth"}
{"id": "ab3d3d"}
{"id": "gecopy"}
{"id": "igg3zf"}
{"id": "j1hot4"}
{"id": "cv1k71"}
{"id": "bu3jc0"}
{"id": "dg1t58"}
{"id": "hhwfjw"}
{"id": "6qy5c8"}
{"id": "b8ti4x"}
{"id": "dxgcf9"}
{"id": "iborpy"}
{"id": "ee14ib"}
{"id": "a2ychz"}
{"id": "b3884k"}
{"id": "drpiyq"}
{"id": "dlzmqq"}
{"id": "fx218v"}
{"id": "f5fh5q"}
{"id": "kbjgav"}
{"id": "98zest"}
{"id": "djef73"}
{"id": "eoie5l"}
{"id": "8x4j5i"}
{"id": "dkdhsb"}
{"id": "hsph6h"}
{"id": "jgbrku"}
{"id": "ac6vrt"}
{"id": "j8w7yw"}
{"id": "b8m4y0"}
{"id": "jnntua"}
{"id": "dp8mns"}
{"id": "7qjlaf"}
{"id": "isjvbe"}
{"id": "fzqczq"}
{"id": "ge4idh"}
{"id": "e6e9fv"}
{"id": "bs6bo7"}
{"id": "drstgm"}
{"id": "8z0dhb"}
{"id": "bwj3dg"}
{"id": "h960w7"}
{"id": "cd8gt3"}
{"id": "gsklcn"}
{"id": "ch02ql"}
{"id": "fu48j5"}
{"id": "eofjo6"}
{"id": "95pozg"}
{"id": "br02ns"}
{"id": "g6ms8l"}
{"id": "9fi9w0"}
{"id": "acanzm"}
{"id": "awxfqc"}
{"id": "hfa417"}
{"id": "e52ybz"}
{"id": "8sxbek"}
{"id": "fnkxoq"}
{"id": "dt84am"}
{"id": "deixqa"}
{"id": "7oa28t"}
{"id": "dedp6b"}
{"id": "5r2mow"}
{"id": "jlw255"}
{"id": "abkoq8"}
{"id": "fhli4u"}
{"id": "946cyn"}
{"id": "97gfxy"}
{"id": "irtpa7"}
{"id": "8kkqky"}
{"id": "9am91u"}
{"id": "f5ydsm"}
{"id": "bwy20q"}
{"id": "9nfa5z"}
{"id": "8mxy3t"}
{"id": "hnvw23"}
{"id": "errzl8"}
{"id": "8fw209"}
{"id": "k3iufg"}
{"id": "c66nnh"}
{"id": "cmko04"}
{"id": "idqdg4"}
{"id": "c34cdo"}
{"id": "iiaes5"}
{"id": "bzszrt"}
{"id": "ah7642"}
{"id": "9j7rzp"}
{"id": "8nkn8c"}
{"id": "dre6ac"}
{"id": "bac3uo"}
{"id": "dkr2zf"}
{"id": "8gwe3r"}
{"id": "9igy8e"}
{"id": "hxgv16"}
{"id": "kg0egf"}
{"id": "eyxzno"}
{"id": "8xhvz6"}
{"id": "gsyn2t"}
{"id": "brhp79"}
{"id": "ea7t1l"}
{"id": "9lksi5"}
{"id": "k4rt3q"}
{"id": "e0n796"}
{"id": "izhgvd"}
{"id": "az2msw"}
{"id": "gds21y"}
{"id": "ihhy8q"}
{"id": "968t7w"}
{"id": "epsgg6"}
{"id": "gwc3ue"}
{"id": "jqlrpq"}
{"id": "a6yjc8"}
{"id": "i1nf8x"}
{"id": "98mfit"}
{"id": "7zgg6p"}
{"id": "fn7xau"}
{"id": "7w74g0"}
{"id": "il52l7"}
{"id": "h0ogs8"}
{"id": "ink60c"}
{"id": "berd4g"}
{"id": "80p1kj"}
{"id": "ahupj3"}
{"id": "7q5s3c"}
{"id": "7s8ksa"}
{"id": "gli3rn"}
{"id": "8n130a"}
{"id": "ahq581"}
{"id": "9z3uo3"}
{"id": "d7nxgt"}
{"id": "epovs7"}
{"id": "g7ofiv"}
{"id": "99tomw"}
{"id": "8b3gst"}
{"id": "adooqk"}
{"id": "9vb00h"}
{"id": "jwcsva"}
{"id": "fn6f1a"}
{"id": "a1cxmb"}
{"id": "bjker1"}
{"id": "atpqcx"}
{"id": "jrfgmh"}
{"id": "7n206t"}
{"id": "a5poat"}
{"id": "aip9ig"}
{"id": "937s6l"}
{"id": "baclty"}
{"id": "e1z0e4"}
{"id": "fit56j"}
{"id": "ewodx2"}
{"id": "coma7o"}
{"id": "cmuck5"}
{"id": "f05lu2"}
{"id": "fh1nax"}
{"id": "ay93uc"}
{"id": "6a3mn3"}
{"id": "j7ewsm"}
{"id": "8qvvkg"}
{"id": "dtkdyk"}
{"id": "iijskk"}
{"id": "eqjrvc"}
{"id": "jewi8o"}
{"id": "cyrvby"}
{"id": "aascx1"}
{"id": "anya9y"}
{"id": "cpync5"}
{"id": "ea5iwy"}
{"id": "9u15o0"}
{"id": "fghups"}
{"id": "84dsrk"}
{"id": "fz8tuy"}
{"id": "kg2elq"}
{"id": "g0eqca"}
{"id": "f1c77w"}
{"id": "k16908"}
{"id": "fvyvpj"}
{"id": "gtrtx7"}
{"id": "d2w9ii"}
{"id": "grwmcv"}
{"id": "bgcbx7"}
{"id": "8no06h"}
{"id": "jguevl"}
{"id": "bnf47y"}
{"id": "7capno"}
{"id": "edea4z"}
{"id": "7eqsdl"}
{"id": "kl93ap"}
{"id": "g2fysi"}
{"id": "djiak7"}
{"id": "f91bll"}
{"id": "cr94is"}
{"id": "e66yem"}
{"id": "ayl2tl"}
{"id": "6xar3p"}
{"id": "fiu4r6"}
{"id": "k0m7pq"}
{"id": "9xrl1l"}
{"id": "j3ck2u"}
{"id": "kfd126"}
{"id": "gchqzt"}
{"id": "fuov6g"}
{"id": "9h2yoy"}
{"id": "b4shd7"}
{"id": "g4jj88"}
{"id": "es8gw1"}
{"id": "dg593m"}
{"id": "hpwp59"}
{"id": "b1yyoq"}
{"id": "bedfdk"}
{"id": "jh9zhr"}
{"id": "fsq47l"}
{"id": "ds9d3h"}
{"id": "7p53ht"}
{"id": "hqv3km"}
{"id": "dsp5qm"}
{"id": "aulfot"}
{"id": "bgsgtm"}
{"id": "fcqwik"}
{"id": "dt38gy"}
{"id": "fbnuab"}
{"id": "aw5fan"}
{"id": "bvdd4g"}
{"id": "bshs7b"}
{"id": "gcj6lj"}
{"id": "j7zx2o"}
{"id": "fi05qz"}
{"id": "gk4d1t"}
{"id": "7vlg22"}
{"id": "b04c70"}
{"id": "em2b1h"}
{"id": "6fip9c"}
{"id": "dgkgom"}
{"id": "ea9m1d"}
{"id": "c8fmx2"}
{"id": "cgmoxm"}
{"id": "k3az7u"}
{"id": "fqxik9"}
{"id": "6m1bt6"}
{"id": "cvyq2h"}
{"id": "k2qpp7"}
{"id": "djx3fp"}
{"id": "dz84ci"}
{"id": "ahe0u8"}
{"id": "iswjeg"}
{"id": "h8ha0v"}
{"id": "dhnt69"}
{"id": "em9rdn"}
{"id": "a0omyr"}
{"id": "8ekal1"}
{"id": "a9dki3"}
{"id": "a62pcb"}
{"id": "km2mwn"}
{"id": "az2hes"}
{"id": "fu1r4s"}
{"id": "ilk8g7"}
{"id": "6sd0u0"}
{"id": "aj31xe"}
{"id": "exc6xg"}
{"id": "adodei"}
{"id": "ie9g8a"}
{"id": "by0k3x"}
{"id": "bsbijo"}
{"id": "fy0tpn"}
{"id": "jz217k"}
{"id": "edkl8i"}
{"id": "drqavn"}
{"id": "keviqy"}
{"id": "ax2nbm"}
{"id": "ccrvqf"}
{"id": "b2a23b"}
{"id": "kn3v4a"}
{"id": "fobqzq"}
{"id": "a4mc55"}
{"id": "73g7oo"}
{"id": "imonxm"}
{"id": "btw38t"}
{"id": "jflos9"}
{"id": "i6wmw7"}
{"id": "7q2umo"}
{"id": "b940fr"}
{"id": "91zik4"}
{"id": "60kcym"}
{"id": "bytbyw"}
{"id": "ganmht"}
{"id": "gbx5x0"}
{"id": "bt3d4u"}
{"id": "9ujrk3"}
{"id": "7z5opv"}
{"id": "7vbd3k"}
{"id": "9pguf7"}
{"id": "e4urk8"}
{"id": "d4pjc8"}
{"id": "kkausf"}
{"id": "cvz1mz"}
{"id": "gg99vj"}
{"id": "ffpcd6"}
{"id": "f8qd1w"}
{"id": "gjd2ur"}
{"id": "faoafe"}
{"id": "iydh4o"}
{"id": "91nrii"}
{"id": "9nnmsn"}
{"id": "fbv8mv"}
{"id": "evyroc"}
{"id": "biy0fr"}
{"id": "fst1kk"}
{"id": "eu72de"}
{"id": "750cca"}
{"id": "kjhwi3"}
{"id": "b9hjpw"}
{"id": "e5tk88"}
{"id": "6qyueo"}
{"id": "fpl37m"}
{"id": "fe5rmy"}
{"id": "eljrqv"}
{"id": "7fi5tf"}
{"id": "jpca6o"}
{"id": "c64a5j"}
{"id": "fqoa9s"}
{"id": "ekml9g"}
{"id": "cb19e1"}
{"id": "ad9chs"}
{"id": "h7usf8"}
{"id": "6at5a5"}
{"id": "gp432k"}
{"id": "g8478d"}
{"id": "8qp6di"}
{"id": "9lucbc"}
{"id": "dibwsh"}
{"id": "apqjsb"}
{"id": "6icagr"}
{"id": "az2spp"}
{"id": "bzzen8"}
{"id": "8a44wb"}
{"id": "gpjz3n"}
{"id": "d8wf2n"}
{"id": "91l2v4"}
{"id": "a9wva0"}
{"id": "cqv7na"}
{"id": "flwdp8"}
{"id": "956yys"}
{"id": "7oyyev"}
{"id": "gl4tiz"}
{"id": "cvdryh"}
{"id": "gmm4b4"}
{"id": "c35uhb"}
{"id": "cnuvj1"}
{"id": "7r5w4t"}
{"id": "f11a7q"}
{"id": "epwa6a"}
{"id": "c9i1vg"}
{"id": "fnbwl9"}
{"id": "go6guu"}
{"id": "fnde6u"}
{"id": "ilmtha"}
{"id": "jrrgi8"}
{"id": "h9oltn"}
{"id": "evgrue"}
{"id": "jpmn1m"}
{"id": "g4msh6"}
{"id": "e1pd61"}
{"id": "fh4liy"}
{"id": "g262qd"}
{"id": "ivkjti"}
{"id": "bxxn6m"}
{"id": "iw7zgy"}
{"id": "9670tt"}
{"id": "glrtre"}
{"id": "khj420"}
{"id": "9bxek1"}
{"id": "emb60h"}
{"id": "ew6ysz"}
{"id": "8ftu74"}
{"id": "f0o9ma"}
{"id": "bxqrz9"}
{"id": "i4h8uu"}
{"id": "8y4aqc"}
{"id": "k8tiu4"}
{"id": "kaxbk1"}
{"id": "c3a75d"}
{"id": "aoyq8b"}
{"id": "bxpu6e"}
{"id": "99t70n"}
{"id": "aa98pc"}
{"id": "gfwwja"}
{"id": "c5j21w"}
{"id": "g1y363"}
{"id": "fbscp6"}
{"id": "bfkwgt"}
{"id": "ck41yh"}
{"id": "fkb85y"}
{"id": "cbwkwc"}
{"id": "f8f453"}
{"id": "ggqj9s"}
{"id": "7jvgva"}
{"id": "bqol7p"}
{"id": "g72452"}
{"id": "cadu6j"}
{"id": "9742ud"}
{"id": "c9pu9h"}
{"id": "at6705"}
{"id": "bhib4x"}
{"id": "e53emd"}
{"id": "c5ukkq"}
{"id": "dkdqf8"}
{"id": "hiyto1"}
{"id": "7ns8a5"}
{"id": "hfc9op"}
{"id": "g93ahz"}
{"id": "g1e0xv"}
{"id": "inei22"}
{"id": "f6xlrn"}
{"id": "dwss10"}
{"id": "hct2pv"}
{"id": "aydnn4"}
{"id": "e5zr0u"}
{"id": "boby9s"}
{"id": "jryokz"}
{"id": "69a4n2"}
{"id": "g1nvqz"}
{"id": "f6ekxg"}
{"id": "b3ud31"}
{"id": "ai73rp"}
{"id": "fagmcd"}
{"id": "7kc3y4"}
{"id": "bk3902"}
{"id": "917z1f"}
{"id": "f6bsxd"}
{"id": "dtvge8"}
{"id": "dsykwp"}
{"id": "k4bja0"}
{"id": "6a2ys4"}
{"id": "g8v78h"}
{"id": "8a5j4w"}
{"id": "eta80f"}
{"id": "dduu88"}
{"id": "ez72n8"}
{"id": "khcs1h"}
{"id": "bn2149"}
{"id": "a5njf9"}
{"id": "af2wkw"}
{"id": "82869s"}
{"id": "ieaq0p"}
{"id": "8qy55r"}
{"id": "bzyqet"}
{"id": "jarqi3"}
{"id": "gim7mt"}
{"id": "cz4n63"}
{"id": "a99t76"}
{"id": "7rbc94"}
{"id": "9kjzpr"}
{"id": "bvo6zq"}
{"id": "ewu4j1"}
{"id": "9viazd"}
{"id": "js0xp2"}
{"id": "hvj0nl"}
{"id": "a9ii2z"}
{"id": "dh2o2o"}
{"id": "9e98t2"}
{"id": "abojju"}
{"id": "jiropy"}
{"id": "ex1nzd"}
{"id": "j2up5k"}
{"id": "bh1jp2"}
{"id": "ca6g1j"}
{"id": "dn5di1"}
{"id": "ilrksc"}
{"id": "ap9rve"}
{"id": "im9bax"}
{"id": "7obltu"}
{"id": "idtwd8"}
{"id": "k08gbo"}
{"id": "9kutn6"}
{"id": "bdanqt"}
{"id": "ahqto4"}
{"id": "e12j09"}
{"id": "8tej9t"}
{"id": "763bky"}
{"id": "g7tpx9"}
{"id": "kegbea"}
{"id": "7lgfmq"}
{"id": "elfamt"}
{"id": "f1edus"}
{"id": "gapcsj"}
{"id": "ice24v"}
{"id": "g452o0"}
{"id": "az5uuy"}
{"id": "e0i19j"}
{"id": "ff3ywk"}
{"id": "8lmgh2"}
{"id": "fggf42"}
{"id": "ge9yr6"}
{"id": "bu5gl6"}
{"id": "fv4grz"}
{"id": "e1jcla"}
{"id": "i1nkxn"}
{"id": "g6mund"}
{"id": "fvqt39"}
{"id": "9alq5y"}
{"id": "92y8m1"}
{"id": "fht4wh"}
{"id": "k5g7vk"}
{"id": "cyxkio"}
{"id": "bt5lyq"}
{"id": "b9g6is"}
{"id": "fbp6zz"}
{"id": "91wkdr"}
{"id": "e6b9t0"}
{"id": "8zu245"}
{"id": "g4og4u"}
{"id": "69x3du"}
{"id": "brutmb"}
{"id": "7wf8cg"}
{"id": "8jwqc9"}
{"id": "forz32"}
{"id": "gtrl8b"}
{"id": "8jmobv"}
{"id": "bk4d7x"}
{"id": "7ncogi"}
{"id": "8z5jr8"}
{"id": "any9vl"}
{"id": "fwelgm"}
{"id": "hzqod6"}
{"id": "a9vo9e"}
{"id": "7nluwc"}
{"id": "a76iwi"}
{"id": "8byinp"}
{"id": "az560d"}
{"id": "jkog2v"}
{"id": "i0q093"}
{"id": "91iwm1"}
{"id": "e242i3"}
{"id": "fx9tvf"}
{"id": "f4s8aj"}
{"id": "ayvkxq"}
{"id": "bk93uo"}
{"id": "81xgd5"}
{"id": "abbdtx"}
{"id": "bzhx5x"}
{"id": "a2qoqg"}
{"id": "fjqufr"}
{"id": "fipk1l"}
{"id": "alyn1s"}
{"id": "5vj0kh"}
{"id": "gf25o4"}
{"id": "9u1qkg"}
{"id": "e6hn9z"}
{"id": "60h6c2"}
{"id": "g7ffkg"}
{"id": "ik710x"}
{"id": "a93ikz"}
{"id": "8cw0zl"}
{"id": "clylmd"}
{"id": "a8df75"}
{"id": "8fo20k"}
{"id": "brybjl"}
{"id": "fcj6o8"}
{"id": "d80jsi"}
{"id": "fm2q32"}
{"id": "f5seak"}
{"id": "bk37nb"}
{"id": "ebplsq"}
{"id": "h141xh"}
{"id": "jua9u7"}
{"id": "8oxaue"}
{"id": "aozz79"}
{"id": "hdqmkc"}
{"id": "jrypzx"}
{"id": "foad83"}
{"id": "8yhqtl"}
{"id": "e6drpa"}
{"id": "fnby8m"}
{"id": "auhkrh"}
{"id": "ahfns0"}
{"id": "9ldp0u"}
{"id": "ae0awk"}
{"id": "khv87k"}
{"id": "fyhkro"}
{"id": "ai42ht"}
{"id": "fjembn"}
{"id": "grmbfq"}
{"id": "8cqi3u"}
{"id": "fapk9b"}
{"id": "da5v4j"}
{"id": "g7zokq"}
{"id": "jo7a1k"}
{"id": "6vsbxn"}
{"id": "ghrvxj"}
{"id": "6fe2lf"}
{"id": "dkomrc"}
{"id": "7otnhf"}
{"id": "a7uff0"}
{"id": "benv3i"}
{"id": "fv93kj"}
{"id": "74zaey"}
{"id": "doc49c"}
{"id": "ge4p4y"}
{"id": "g7zxhn"}
{"id": "h8axc3"}
{"id": "f2bf6q"}
{"id": "9ymlxm"}
{"id": "ip5qc6"}
{"id": "jxdyg4"}
{"id": "gha747"}
{"id": "ffqy1y"}
{"id": "kekpka"}
{"id": "98kf1f"}
{"id": "b2r7mg"}
{"id": "fgldp9"}
{"id": "cdir35"}
{"id": "cdtc7i"}
{"id": "fozz3n"}
{"id": "e575zz"}
{"id": "gdpc59"}
{"id": "f2k1g3"}
{"id": "apdwq9"}
{"id": "98ple5"}
{"id": "ijvovh"}
{"id": "dkvcsm"}
{"id": "702dwe"}
{"id": "6godm7"}
{"id": "hfah0p"}
{"id": "a6n3bv"}
{"id": "az9xrh"}
{"id": "6rhx1f"}
{"id": "aks3we"}
{"id": "8w2au2"}
{"id": "az0rjc"}
{"id": "fp4qy0"}
{"id": "ai5rs9"}
{"id": "64zy9q"}
{"id": "ds89av"}
{"id": "cjgvmc"}
{"id": "93scpv"}
{"id": "6odgr5"}
{"id": "i7wilm"}
{"id": "7djay2"}
{"id": "96ex5k"}
{"id": "cplp9k"}
{"id": "8ep0gt"}
{"id": "89w717"}
{"id": "d51ks0"}
{"id": "fvo19h"}
{"id": "fiu897"}
{"id": "bbtxz6"}
{"id": "ctdbrk"}
{"id": "fkggop"}
{"id": "fbi27n"}
{"id": "iod3p6"}
{"id": "960d27"}
{"id": "a68wg0"}
{"id": "8dld7g"}
{"id": "alyebf"}
{"id": "icms16"}
{"id": "epltop"}
{"id": "a7j8gm"}
{"id": "id18a7"}
{"id": "aghzpx"}
{"id": "f2di7h"}
{"id": "i2gk8e"}
{"id": "ep49u2"}
{"id": "cobwqp"}
{"id": "jcnj3q"}
{"id": "6tjzxk"}
{"id": "fxbsn1"}
{"id": "77brco"}
{"id": "apm7q2"}
{"id": "fa02p7"}
{"id": "iwlukw"}
{"id": "8pt6er"}
{"id": "fafga2"}
{"id": "97xliv"}
{"id": "fc5xvz"}
{"id": "ehjnlg"}
{"id": "fj98uz"}
{"id": "bkg66d"}
{"id": "gikmll"}
{"id": "7ev6r1"}
{"id": "6m748j"}
{"id": "7j0ezz"}
{"id": "85i42y"}
{"id": "ezeakq"}
{"id": "6q39z5"}
{"id": "a90w7v"}
{"id": "6vwzeh"}
{"id": "k10212"}
{"id": "fyqesd"}
{"id": "ijqkbl"}
{"id": "ghrtd9"}
{"id": "eolyvd"}
{"id": "7zh9vm"}
{"id": "7nc2io"}
{"id": "bs2cv6"}
{"id": "bce61l"}
{"id": "7lw19l"}
{"id": "725q8e"}
{"id": "i9plsx"}
{"id": "b5n36k"}
{"id": "a89301"}
{"id": "ccm0v4"}
{"id": "fxjli5"}
{"id": "c5m2g2"}
{"id": "iq8qe0"}
{"id": "7vc7kj"}
{"id": "8gic8u"}
{"id": "e52o4s"}
{"id": "9o73cz"}
{"id": "fmquv6"}
{"id": "bm57wt"}
{"id": "ea4wyy"}
{"id": "foq29v"}
{"id": "79u8ov"}
{"id": "fiivv3"}
{"id": "becmrf"}
{"id": "b0unrn"}
{"id": "jfkwtr"}
{"id": "g41558"}
{"id": "7ccxeg"}
{"id": "9mk1wf"}
{"id": "6yvfwn"}
{"id": "abnhph"}
{"id": "fnddap"}
{"id": "jld078"}
{"id": "djx3l2"}
{"id": "buk7p5"}
{"id": "e3onb7"}
{"id": "jj2pz7"}
{"id": "j9qzkf"}
{"id": "kd3w3s"}
{"id": "b6z0xy"}
{"id": "c696pp"}
{"id": "9de6yd"}
{"id": "8e6uah"}
{"id": "il59zu"}
{"id": "8lbe8s"}
{"id": "e4slqa"}
{"id": "fllj21"}
{"id": "7g6h9x"}
{"id": "9mvjf2"}
{"id": "aqjaal"}
{"id": "8glqrf"}
{"id": "hq6k0o"}
{"id": "feqn4c"}
{"id": "knia3y"}
{"id": "78amnz"}
{"id": "6jkxz6"}
{"id": "j8sr03"}
{"id": "9ouq5e"}
{"id": "exmvjg"}
{"id": "ayz8t8"}
{"id": "fxcb19"}
{"id": "iducc4"}
{"id": "5mezf7"}
{"id": "ghrt0f"}
{"id": "cu1gem"}
{"id": "cvrqkk"}
{"id": "gg8fuz"}
{"id": "741pm4"}
{"id": "f0qt92"}
{"id": "g1qc85"}
{"id": "arkdbb"}
{"id": "g8lgqs"}
{"id": "hodxjf"}
{"id": "chv4fa"}
{"id": "ew87k1"}
{"id": "b7v6g5"}
{"id": "fot00m"}
{"id": "g0932i"}
{"id": "a5nko7"}
{"id": "bh36qe"}
{"id": "9bxb2v"}
{"id": "g2u8aj"}
{"id": "g9kohl"}
{"id": "7d1epz"}
{"id": "fl37om"}
{"id": "jww5oq"}
{"id": "au8wqt"}
{"id": "jx41a6"}
{"id": "bhflam"}
{"id": "dkylek"}
{"id": "6tl9qu"}
{"id": "dy6cst"}
{"id": "blevy2"}
{"id": "gdn4ss"}
{"id": "dqkn21"}
{"id": "8bekn5"}
{"id": "7oue6l"}
{"id": "cr8sxv"}
{"id": "9a2s84"}
{"id": "h7fedk"}
{"id": "d3wgbm"}
{"id": "k13q25"}
{"id": "iazjjv"}
{"id": "drvwko"}
{"id": "dqufmq"}
{"id": "is7elf"}
{"id": "fy5rt1"}
{"id": "68ux89"}
{"id": "9pcpst"}
{"id": "axu61o"}
{"id": "8hgnmi"}
{"id": "bq0dsl"}
{"id": "fjemh9"}
{"id": "9dtlkg"}
{"id": "g5rwcw"}
{"id": "jy4lz7"}
{"id": "ff89q5"}
{"id": "bszshh"}
{"id": "bvs5oj"}
{"id": "b36mz9"}
{"id": "i9hkph"}
{"id": "9rws5g"}
{"id": "fy3qs3"}
{"id": "djj2l6"}
{"id": "da10u7"}
{"id": "c1gi41"}
{"id": "a1ybut"}
{"id": "b0w9su"}
{"id": "6lrxdn"}
{"id": "bo5ftn"}
{"id": "b0547w"}
{"id": "a83yio"}
{"id": "dgpvcp"}
{"id": "e5ughb"}
{"id": "av619g"}
{"id": "g40xs2"}
{"id": "gno2be"}
{"id": "kfft4f"}
{"id": "ebgdh2"}
{"id": "d58i71"}
{"id": "ce7zz4"}
{"id": "apnqpk"}
{"id": "epuotr"}
{"id": "ig0o8q"}
{"id": "97a4ts"}
{"id": "c383xp"}
{"id": "baha1x"}
{"id": "b0ez2k"}
{"id": "e825p6"}
{"id": "cfeu2j"}
{"id": "c3mrjt"}
{"id": "9uu97z"}
{"id": "anys62"}
{"id": "jrrkxm"}
{"id": "jmzbkv"}
{"id": "ehi73q"}
{"id": "f97fql"}
{"id": "gwm5ep"}
{"id": "if7tsm"}
{"id": "faz57o"}
{"id": "e458ls"}
{"id": "hab67t"}
{"id": "iappup"}
{"id": "eowxjw"}
{"id": "ewy8u1"}
{"id": "fblsxg"}
{"id": "h8jeo7"}
{"id": "dn796m"}
{"id": "fsmcxz"}
{"id": "do4hcz"}
{"id": "k5mv44"}
{"id": "jkg2pk"}
{"id": "dkpxd5"}
{"id": "bqi1ew"}
{"id": "71zs41"}
{"id": "dbfiku"}
{"id": "bfs277"}
{"id": "g178ct"}
{"id": "aq11lt"}
{"id": "igtfxv"}
{"id": "go7rfi"}
{"id": "6sbywg"}
{"id": "7m4qqy"}
{"id": "d37tuu"}
{"id": "bxn3hm"}
{"id": "bwwtwl"}
{"id": "bh885g"}
{"id": "epvs35"}
{"id": "gf2ye6"}
{"id": "f8wmki"}
{"id": "dilsxr"}
{"id": "a2wpue"}
{"id": "kfyzum"}
{"id": "968oco"}
{"id": "9d0br0"}
{"id": "cdc1fr"}
{"id": "ee2n6e"}
{"id": "brjc03"}
{"id": "bihslq"}
{"id": "k8881y"}
{"id": "9v7kfw"}
{"id": "fpmhk1"}
{"id": "i1sfvf"}
{"id": "i13huu"}
{"id": "hmf7ld"}
{"id": "gnamft"}
{"id": "an6xiv"}
{"id": "7wg79j"}
{"id": "ezlaqp"}
{"id": "6k8gq9"}
{"id": "ayvfwg"}
{"id": "7750se"}
{"id": "7vgnzz"}
{"id": "dhkz9k"}
{"id": "bp2qca"}
{"id": "gd4jui"}
{"id": "jbf3x7"}
{"id": "k89gyr"}
{"id": "csmpin"}
{"id": "d7j3n1"}
{"id": "e2aeog"}
{"id": "gek8cd"}
{"id": "e7gwe1"}
{"id": "a47x2e"}
{"id": "fpj3wb"}
{"id": "a1k0dm"}
{"id": "ge2qcm"}
{"id": "ef7wt7"}
{"id": "f6xugh"}
{"id": "fosqr7"}
{"id": "jnemmr"}
{"id": "dfa7a0"}
{"id": "6hj37k"}
{"id": "faeo4x"}
{"id": "diwm3y"}
{"id": "g7557q"}
{"id": "bbvyhe"}
{"id": "bz6q7o"}
{"id": "i3a4ll"}
{"id": "7w1hde"}
{"id": "gpdve7"}
{"id": "fp2i72"}
{"id": "dgair3"}
{"id": "fag4xl"}
{"id": "dobvei"}
{"id": "gnic95"}
{"id": "bttnf6"}
{"id": "a0m2ls"}
{"id": "c08joc"}
{"id": "ctm8q5"}
{"id": "ceiaed"}
{"id": "acm6sn"}
{"id": "b33pa8"}
{"id": "ao1bxr"}
{"id": "8doowc"}
{"id": "b05jdv"}
{"id": "kmagmr"}
{"id": "def05s"}
{"id": "d7jxbg"}
{"id": "i1o9vg"}
{"id": "iy8pfj"}
{"id": "di9r2b"}
{"id": "cmdyey"}
{"id": "fuepkd"}
{"id": "7eswah"}
{"id": "clwozc"}
{"id": "aap1hy"}
{"id": "fg9gd4"}
{"id": "f5uunh"}
{"id": "f2z1gb"}
{"id": "bzp50t"}
{"id": "cj4cce"}
{"id": "gdg99q"}
{"id": "ggx2ub"}
{"id": "hlp89e"}
{"id": "bq99br"}
{"id": "7oq95c"}
{"id": "kcb3lk"}
{"id": "ihgxrz"}
{"id": "bkssu3"}
{"id": "fg71j1"}
{"id": "eljy1n"}
{"id": "b0ebs0"}
{"id": "az04jr"}
{"id": "judhb3"}
{"id": "9q1fo0"}
{"id": "8kggo6"}
{"id": "6zo3im"}
{"id": "doki14"}
{"id": "9nyguh"}
{"id": "9esdt9"}
{"id": "he6xph"}
{"id": "7xl19q"}
{"id": "cgut8b"}
{"id": "jnhzvf"}
{"id": "go4nzm"}
{"id": "eap54y"}
{"id": "giru3d"}
{"id": "af0xph"}
{"id": "6tk7tw"}
{"id": "dw5ovz"}
{"id": "g6p6mn"}
{"id": "bod6a7"}
{"id": "bnhguo"}
{"id": "8aao38"}
{"id": "8pebwn"}
{"id": "fatdgo"}
{"id": "fuph50"}
{"id": "egnshe"}
{"id": "g4lue6"}
{"id": "6k64po"}
{"id": "jm7tu2"}
{"id": "diejaf"}
{"id": "ap0lhm"}
{"id": "guquwr"}
{"id": "jwduhj"}
{"id": "hnkwjf"}
{"id": "c4v87a"}
{"id": "fe1w1p"}
{"id": "czb5sd"}
{"id": "fu1sn4"}
{"id": "b0vhgr"}
{"id": "81tk02"}
{"id": "buky2r"}
{"id": "9q75u4"}
{"id": "gh31au"}
{"id": "enucae"}
{"id": "ar6zkb"}
{"id": "b67gdq"}
{"id": "jwekqh"}
{"id": "jyqbgm"}
{"id": "azrrv4"}
{"id": "j31d8x"}
{"id": "ehvfp0"}
{"id": "9if1ec"}
{"id": "ctnise"}
{"id": "f6o2pi"}
{"id": "fn2bpi"}
{"id": "f7zwbg"}
{"id": "bheoc0"}
{"id": "kdupb4"}
{"id": "ahr2l8"}
{"id": "7foi8e"}
{"id": "9k1gar"}
{"id": "ka3yby"}
{"id": "fkdjdm"}
{"id": "c3kc3i"}
{"id": "agun5z"}
{"id": "kb5om1"}
{"id": "76wxko"}
{"id": "bkj5i5"}
{"id": "azifxs"}
{"id": "kb5fe3"}
{"id": "b3ph0l"}
{"id": "a1i301"}
{"id": "ds27a4"}
{"id": "gmh4l6"}
{"id": "e3970g"}
{"id": "fkz4by"}
{"id": "69eid2"}
{"id": "9eu8mw"}
{"id": "8qaw3n"}
{"id": "k8xduq"}
{"id": "cmg47s"}
{"id": "gdnusa"}
{"id": "dfzudi"}
{"id": "eqw03x"}
{"id": "fh6ie3"}
{"id": "gcme72"}
{"id": "jnmq95"}
{"id": "jnknd8"}
{"id": "etn6xd"}
{"id": "aubm5p"}
{"id": "izssy5"}
{"id": "fcpjtw"}
{"id": "k56uh7"}
{"id": "k1trbr"}
{"id": "auacbd"}
{"id": "i2pego"}
{"id": "fq2olz"}
{"id": "bkv4ct"}
{"id": "f4g9q9"}
{"id": "7t0syu"}
{"id": "brn6x1"}
{"id": "a19lmm"}
{"id": "8j1eja"}
{"id": "g27c0q"}
{"id": "93a6w3"}
{"id": "k6i16n"}
{"id": "cgjjsg"}
{"id": "a5f31t"}
{"id": "e701km"}
{"id": "cc3qaq"}
{"id": "b7os03"}
{"id": "jpgz9m"}
{"id": "9nmdaz"}
{"id": "i8qob4"}
{"id": "b6ln2a"}
{"id": "gnqeqv"}
{"id": "dminnq"}
{"id": "dhep2a"}
{"id": "i1ncfv"}
{"id": "czg0mp"}
{"id": "gd03at"}
{"id": "g2657y"}
{"id": "a62to9"}
{"id": "g2k58z"}
{"id": "6erfxm"}
{"id": "974rty"}
{"id": "k5s2e9"}
{"id": "ds3oaa"}
{"id": "dz8590"}
{"id": "flfigu"}
{"id": "a9cbv8"}
{"id": "94l853"}
{"id": "9m59jv"}
{"id": "9v59te"}
{"id": "8ad5pf"}
{"id": "btrn24"}
{"id": "djrfg1"}
{"id": "iq8jwi"}
{"id": "cbpyiq"}
{"id": "c1e23r"}
{"id": "g1jp4f"}
{"id": "77s9g7"}
{"id": "cah1ek"}
{"id": "cnfdq0"}
{"id": "cro3i0"}
{"id": "iopzhu"}
{"id": "hkwhib"}
{"id": "dykokv"}
{"id": "av5rkm"}
{"id": "cvuuz1"}
{"id": "c88p7v"}
{"id": "ew5ex5"}
{"id": "fpidcm"}
{"id": "7qni5d"}
{"id": "ctw5tn"}
{"id": "jg4vbs"}
{"id": "8ghhwt"}
{"id": "knxfos"}
{"id": "bbh58l"}
{"id": "eya0r7"}
{"id": "awl5t7"}
{"id": "diefjb"}
{"id": "dw1wr1"}
{"id": "brtab2"}
{"id": "gkeclf"}
{"id": "dptqfb"}
{"id": "9yydx5"}
{"id": "fkb9h8"}
{"id": "a9wi08"}
{"id": "d3u2hx"}
{"id": "jm4q22"}
{"id": "cyz5x0"}
{"id": "bdrkk8"}
{"id": "g1m15v"}
{"id": "a4ji2x"}
{"id": "ajfrms"}
{"id": "i6siqv"}
{"id": "fo5oqi"}
{"id": "cbvzur"}
{"id": "go1p8j"}
{"id": "enleuy"}
{"id": "d6uv55"}
{"id": "jo7oyz"}
{"id": "7fs6cy"}
{"id": "f4cazl"}
{"id": "b0yjhl"}
{"id": "jg7r0k"}
{"id": "h9yssh"}
{"id": "cq35fl"}
{"id": "fksrga"}
{"id": "g598n7"}
{"id": "bivaz0"}
{"id": "7gsnwq"}
{"id": "anyz8w"}
{"id": "kmj3j4"}
{"id": "it867s"}
{"id": "k9jqga"}
{"id": "ajqcb8"}
{"id": "99qzui"}
{"id": "8ljidt"}
{"id": "6o31l3"}
{"id": "c6b5wf"}
{"id": "bp5e1v"}
{"id": "b8xud8"}
{"id": "dj0n0r"}
{"id": "czu9cf"}
{"id": "60e4dl"}
{"id": "fgnw5b"}
{"id": "cp2m1h"}
{"id": "bjfxwc"}
{"id": "at4ial"}
{"id": "fubkq0"}
{"id": "d683x0"}
{"id": "abf3gx"}
{"id": "6pss8v"}
{"id": "blh7zb"}
{"id": "hdmnra"}
{"id": "g7145i"}
{"id": "bj7iut"}
{"id": "cy858p"}
{"id": "d9q42e"}
{"id": "gjlq0v"}
{"id": "c3q7gl"}
{"id": "9fp72c"}
{"id": "6brkq2"}
{"id": "atckc2"}
{"id": "6k14dz"}
{"id": "jt05w2"}
{"id": "a6lw79"}
{"id": "bv1zsb"}
{"id": "g8u3d9"}
{"id": "ggwvv7"}
{"id": "a7us85"}
{"id": "fsw8ph"}
{"id": "k9fh4n"}
{"id": "8gghjj"}
{"id": "banfpw"}
{"id": "elz0np"}
{"id": "7qopk6"}
{"id": "fptq55"}
{"id": "ai6hfv"}
{"id": "jyouom"}
{"id": "e6lytd"}
{"id": "aarpzg"}
{"id": "fzmmmj"}
{"id": "g6it0x"}
{"id": "icihu7"}
{"id": "7jwsph"}
{"id": "kj07b4"}
{"id": "hoftz9"}
{"id": "c53g1r"}
{"id": "817tof"}
{"id": "d35syh"}
{"id": "c6cnkn"}
{"id": "avob2n"}
{"id": "ah30z8"}
{"id": "7ytslb"}
{"id": "8vyeh3"}
{"id": "clihyg"}
{"id": "jrrmyr"}
{"id": "cmvjnw"}
{"id": "dlk97h"}
{"id": "6abtyw"}
{"id": "kk68ah"}
{"id": "a91h39"}
{"id": "ao9zgl"}
{"id": "j7n1k5"}
{"id": "f4wbwt"}
{"id": "c1gw1a"}
{"id": "bcvg0n"}
{"id": "ies8mp"}
{"id": "g46ks9"}
{"id": "kfgfty"}
{"id": "ihhk74"}
{"id": "fqyk5r"}
{"id": "chs73n"}
{"id": "c0tfuz"}
{"id": "kiolql"}
{"id": "akv5pm"}
{"id": "jk1m1k"}
{"id": "diz18s"}
{"id": "d7llps"}
